Temperature(K),Avg_Temp,Avg_Press,Avg_PotEng,Avg_Volume
600,576.4111939873418,-22501.979702063294,-30817.14513607595,
900,863.3672090189873,-23895.72946549367,-30802.806977848097,
